video_path,label_name,two_hand_frames,checked_frames,is_two_hand
data_raw/cold/11627.mp4,cold,4,9,False
data_raw/cold/11621.mp4,cold,2,12,False
data_raw/cold/11633.mp4,cold,13,14,True
data_raw/cold/11635.mp4,cold,6,7,True
data_raw/cold/11628.mp4,cold,9,18,True
data_raw/cold/11622.mp4,cold,6,15,True
data_raw/cold/65377.mp4,cold,4,10,False
data_raw/cold/11634.mp4,cold,13,14,True
data_raw/cold/11623.mp4,cold,5,15,True
data_raw/cold/11625.mp4,cold,4,8,False
data_raw/cold/11624.mp4,cold,3,6,False
data_raw/cold/11638.mp4,cold,5,19,True
data_raw/graduate/25321.mp4,graduate,4,19,False
data_raw/graduate/25325.mp4,graduate,1,7,False
data_raw/graduate/25323.mp4,graduate,2,7,False
data_raw/graduate/25329.mp4,graduate,5,10,True
data_raw/graduate/25326.mp4,graduate,5,13,True
data_raw/graduate/65843.mp4,graduate,4,15,False
data_raw/graduate/25330.mp4,graduate,6,12,True
data_raw/graduate/25322.mp4,graduate,3,12,False
data_raw/graduate/25324.mp4,graduate,1,7,False
data_raw/graduate/25339.mp4,graduate,2,18,False
data_raw/doctor/65504.mp4,doctor,4,10,False
data_raw/doctor/17014.mp4,doctor,7,18,True
data_raw/doctor/65503.mp4,doctor,3,10,False
data_raw/doctor/17026.mp4,doctor,5,21,True
data_raw/doctor/17015.mp4,doctor,6,22,True
data_raw/doctor/17019.mp4,doctor,6,10,True
data_raw/doctor/17013.mp4,doctor,8,15,True
data_raw/doctor/17020.mp4,doctor,11,11,True
data_raw/doctor/17016.mp4,doctor,8,21,True
data_raw/doctor/17017.mp4,doctor,8,17,True
data_raw/secretary/50052.mp4,secretary,3,17,False
data_raw/secretary/50045.mp4,secretary,9,15,True
data_raw/secretary/50037.mp4,secretary,6,24,True
data_raw/secretary/50041.mp4,secretary,10,23,True
data_raw/secretary/50039.mp4,secretary,2,8,False
data_raw/secretary/50038.mp4,secretary,5,19,True
data_raw/secretary/66441.mp4,secretary,3,10,False
data_raw/secretary/50046.mp4,secretary,6,7,True
data_raw/secretary/50040.mp4,secretary,3,8,False
data_raw/secretary/50044.mp4,secretary,4,6,False
data_raw/leave/32667.mp4,leave,2,7,False
data_raw/leave/66025.mp4,leave,0,13,False
data_raw/leave/32658.mp4,leave,0,10,False
data_raw/leave/32669.mp4,leave,8,9,True
data_raw/leave/32662.mp4,leave,1,14,False
data_raw/leave/32655.mp4,leave,5,14,True
data_raw/leave/32657.mp4,leave,0,7,False
data_raw/leave/32677.mp4,leave,6,17,True
data_raw/leave/32659.mp4,leave,0,7,False
data_raw/leave/32654.mp4,leave,9,15,True
data_raw/leave/32661.mp4,leave,9,21,True
data_raw/letter/66038.mp4,letter,3,12,False
data_raw/letter/32955.mp4,letter,6,7,True
data_raw/letter/32945.mp4,letter,7,14,True
data_raw/letter/32949.mp4,letter,9,20,True
data_raw/letter/32953.mp4,letter,6,7,True
data_raw/letter/32959.mp4,letter,9,17,True
data_raw/letter/32950.mp4,letter,4,19,False
data_raw/letter/32948.mp4,letter,3,7,False
data_raw/letter/32946.mp4,letter,8,17,True
data_raw/letter/32947.mp4,letter,3,6,False
data_raw/letter/32954.mp4,letter,7,7,True
data_raw/mother/36932.mp4,mother,1,15,False
data_raw/mother/36937.mp4,mother,0,9,False
data_raw/mother/36936.mp4,mother,0,8,False
data_raw/mother/36930.mp4,mother,1,14,False
data_raw/mother/69402.mp4,mother,0,17,False
data_raw/mother/36929.mp4,mother,1,13,False
data_raw/mother/36946.mp4,mother,0,19,False
data_raw/mother/66146.mp4,mother,0,13,False
data_raw/mother/66147.mp4,mother,1,14,False
data_raw/mother/36931.mp4,mother,0,17,False
data_raw/mother/36933.mp4,mother,0,15,False
data_raw/dog/17090.mp4,dog,3,11,False
data_raw/dog/65506.mp4,dog,0,15,False
data_raw/dog/17086.mp4,dog,0,14,False
data_raw/dog/17083.mp4,dog,0,13,False
data_raw/dog/17087.mp4,dog,0,20,False
data_raw/dog/65507.mp4,dog,0,12,False
data_raw/dog/17091.mp4,dog,9,10,True
data_raw/dog/17097.mp4,dog,0,18,False
data_raw/dog/17084.mp4,dog,0,12,False
data_raw/dog/17085.mp4,dog,0,16,False
data_raw/dog/69298.mp4,dog,0,17,False
data_raw/far/21072.mp4,far,7,14,True
data_raw/far/21081.mp4,far,7,20,True
data_raw/far/65682.mp4,far,1,10,False
data_raw/far/21073.mp4,far,4,9,False
data_raw/far/21078.mp4,far,0,11,False
data_raw/far/21077.mp4,far,9,16,True
data_raw/far/21071.mp4,far,0,8,False
data_raw/far/21070.mp4,far,4,14,False
data_raw/far/21075.mp4,far,1,15,False
data_raw/far/21069.mp4,far,8,16,True
data_raw/far/21074.mp4,far,3,7,False
data_raw/why/63285.mp4,why,0,20,False
data_raw/why/66781.mp4,why,0,11,False
data_raw/why/63284.mp4,why,0,11,False
data_raw/why/63281.mp4,why,0,15,False
data_raw/why/63280.mp4,why,0,25,False
data_raw/why/63289.mp4,why,0,11,False
data_raw/why/63292.mp4,why,0,15,False
data_raw/why/63283.mp4,why,0,10,False
data_raw/why/63288.mp4,why,0,7,False
data_raw/why/63282.mp4,why,1,6,False
data_raw/why/63287.mp4,why,0,6,False
data_raw/candy/65300.mp4,candy,0,13,False
data_raw/candy/08924.mp4,candy,0,6,False
data_raw/candy/08916.mp4,candy,0,18,False
data_raw/candy/08915.mp4,candy,0,19,False
data_raw/candy/08920.mp4,candy,0,15,False
data_raw/candy/65298.mp4,candy,0,12,False
data_raw/candy/08919.mp4,candy,0,18,False
data_raw/candy/08925.mp4,candy,0,9,False
data_raw/candy/08929.mp4,candy,0,17,False
data_raw/candy/08918.mp4,candy,0,6,False
data_raw/candy/65299.mp4,candy,0,13,False
data_raw/candy/08921.mp4,candy,0,12,False
data_raw/candy/08917.mp4,candy,0,7,False
data_raw/shirt/51081.mp4,shirt,0,16,False
data_raw/shirt/51059.mp4,shirt,5,23,True
data_raw/shirt/51067.mp4,shirt,0,10,False
data_raw/shirt/51058.mp4,shirt,2,19,False
data_raw/shirt/51057.mp4,shirt,0,20,False
data_raw/shirt/51061.mp4,shirt,0,16,False
data_raw/shirt/51060.mp4,shirt,5,8,True
data_raw/shirt/51063.mp4,shirt,8,15,True
data_raw/shirt/51056.mp4,shirt,5,20,True
data_raw/shirt/51068.mp4,shirt,0,5,False
data_raw/shirt/51066.mp4,shirt,0,21,False
data_raw/shirt/51064.mp4,shirt,0,20,False
data_raw/many/34824.mp4,many,5,14,True
data_raw/many/34832.mp4,many,7,9,True
data_raw/many/34823.mp4,many,3,15,False
data_raw/many/34826.mp4,many,3,7,False
data_raw/many/34827.mp4,many,9,17,True
data_raw/many/34830.mp4,many,5,6,True
data_raw/many/69396.mp4,many,9,18,True
data_raw/many/34825.mp4,many,5,9,True
data_raw/many/34831.mp4,many,9,10,True
data_raw/many/34839.mp4,many,2,18,False
data_raw/computer/12315.mp4,computer,7,12,True
data_raw/computer/12338.mp4,computer,7,22,True
data_raw/computer/12317.mp4,computer,0,11,False
data_raw/computer/12312.mp4,computer,5,21,True
data_raw/computer/12311.mp4,computer,3,15,False
data_raw/computer/12320.mp4,computer,8,21,True
data_raw/computer/12328.mp4,computer,15,18,True
data_raw/computer/12313.mp4,computer,7,17,True
data_raw/computer/12326.mp4,computer,10,15,True
data_raw/computer/12316.mp4,computer,1,9,False
data_raw/computer/12318.mp4,computer,3,9,False
data_raw/computer/12319.mp4,computer,0,8,False
data_raw/computer/12327.mp4,computer,0,10,False
data_raw/computer/12314.mp4,computer,3,9,False
data_raw/language/32160.mp4,language,9,24,True
data_raw/language/32167.mp4,language,6,19,True
data_raw/language/32156.mp4,language,3,9,False
data_raw/language/66008.mp4,language,3,12,False
data_raw/language/32154.mp4,language,7,15,True
data_raw/language/32157.mp4,language,5,10,True
data_raw/language/32158.mp4,language,4,9,False
data_raw/language/32163.mp4,language,7,8,True
data_raw/language/32155.mp4,language,3,9,False
data_raw/language/66007.mp4,language,3,11,False
data_raw/full/23768.mp4,full,2,6,False
data_raw/full/23774.mp4,full,1,12,False
data_raw/full/23775.mp4,full,1,10,False
data_raw/full/23767.mp4,full,7,19,True
data_raw/full/23771.mp4,full,0,19,False
data_raw/full/23782.mp4,full,4,15,False
data_raw/full/65792.mp4,full,0,9,False
data_raw/full/23766.mp4,full,5,16,True
data_raw/full/23769.mp4,full,0,21,False
data_raw/full/23776.mp4,full,7,8,True
data_raw/speech/53706.mp4,speech,0,8,False
data_raw/speech/53701.mp4,speech,1,10,False
data_raw/speech/53697.mp4,speech,4,13,False
data_raw/speech/53698.mp4,speech,3,8,False
data_raw/speech/53696.mp4,speech,14,28,True
data_raw/speech/53710.mp4,speech,1,19,False
data_raw/speech/53699.mp4,speech,1,8,False
data_raw/speech/53700.mp4,speech,0,7,False
data_raw/speech/53707.mp4,speech,0,14,False
data_raw/speech/53709.mp4,speech,0,18,False
data_raw/corn/13326.mp4,corn,1,18,False
data_raw/corn/13328.mp4,corn,0,7,False
data_raw/corn/13323.mp4,corn,1,12,False
data_raw/corn/65409.mp4,corn,5,11,True
data_raw/corn/13333.mp4,corn,0,7,False
data_raw/corn/13325.mp4,corn,7,17,True
data_raw/corn/13337.mp4,corn,0,16,False
data_raw/corn/65408.mp4,corn,0,13,False
data_raw/corn/69282.mp4,corn,3,18,False
data_raw/corn/13334.mp4,corn,0,9,False
data_raw/corn/13327.mp4,corn,1,18,False
data_raw/corn/13329.mp4,corn,0,18,False
data_raw/check/10183.mp4,check,4,15,False
data_raw/check/10187.mp4,check,6,19,True
data_raw/check/10186.mp4,check,7,18,True
data_raw/check/10185.mp4,check,5,9,True
data_raw/check/10190.mp4,check,12,13,True
data_raw/check/65343.mp4,check,5,15,True
data_raw/check/10188.mp4,check,9,17,True
data_raw/check/10192.mp4,check,5,6,True
data_raw/check/10197.mp4,check,4,20,False
data_raw/check/10199.mp4,check,4,17,False
data_raw/check/10184.mp4,check,8,19,True
data_raw/cry/14182.mp4,cry,7,7,True
data_raw/cry/14180.mp4,cry,6,7,True
data_raw/cry/14175.mp4,cry,4,10,False
data_raw/cry/14177.mp4,cry,0,18,False
data_raw/cry/14188.mp4,cry,5,18,True
data_raw/cry/65427.mp4,cry,3,11,False
data_raw/cry/14174.mp4,cry,6,18,True
data_raw/cry/14183.mp4,cry,4,5,False
data_raw/cry/14176.mp4,cry,3,7,False
data_raw/cry/14190.mp4,cry,3,15,False
data_raw/pizza/42959.mp4,pizza,1,21,False
data_raw/pizza/42969.mp4,pizza,1,7,False
data_raw/pizza/42961.mp4,pizza,1,8,False
data_raw/pizza/42977.mp4,pizza,0,18,False
data_raw/pizza/42966.mp4,pizza,2,15,False
data_raw/pizza/42960.mp4,pizza,1,6,False
data_raw/pizza/42958.mp4,pizza,1,15,False
data_raw/pizza/42967.mp4,pizza,0,9,False
data_raw/pizza/42956.mp4,pizza,0,13,False
data_raw/pizza/42962.mp4,pizza,2,18,False
data_raw/pizza/69431.mp4,pizza,0,15,False
data_raw/pizza/66297.mp4,pizza,1,11,False
data_raw/drink/65539.mp4,drink,0,9,False
data_raw/drink/17709.mp4,drink,0,21,False
data_raw/drink/17723.mp4,drink,0,12,False
data_raw/drink/17721.mp4,drink,0,10,False
data_raw/drink/17711.mp4,drink,1,17,False
data_raw/drink/17733.mp4,drink,1,19,False
data_raw/drink/17734.mp4,drink,1,18,False
data_raw/drink/17713.mp4,drink,1,19,False
data_raw/drink/17710.mp4,drink,0,14,False
data_raw/drink/65540.mp4,drink,0,10,False
data_raw/drink/17722.mp4,drink,0,10,False
data_raw/drink/17720.mp4,drink,1,8,False
data_raw/drink/17712.mp4,drink,0,9,False
data_raw/drink/69302.mp4,drink,1,16,False
data_raw/drink/17724.mp4,drink,0,6,False
data_raw/argue/03274.mp4,argue,3,24,False
data_raw/argue/03270.mp4,argue,5,16,True
data_raw/argue/03267.mp4,argue,6,18,True
data_raw/argue/03277.mp4,argue,9,11,True
data_raw/argue/03273.mp4,argue,3,8,False
data_raw/argue/03268.mp4,argue,4,22,False
data_raw/argue/65092.mp4,argue,5,13,True
data_raw/argue/03282.mp4,argue,6,17,True
data_raw/argue/03278.mp4,argue,9,12,True
data_raw/argue/03272.mp4,argue,2,7,False
data_raw/silly/51713.mp4,silly,1,20,False
data_raw/silly/51709.mp4,silly,0,11,False
data_raw/silly/51708.mp4,silly,0,11,False
data_raw/silly/51710.mp4,silly,0,7,False
data_raw/silly/51703.mp4,silly,0,21,False
data_raw/silly/51704.mp4,silly,0,20,False
data_raw/silly/66481.mp4,silly,0,14,False
data_raw/silly/51706.mp4,silly,1,17,False
data_raw/silly/51705.mp4,silly,0,7,False
data_raw/silly/51712.mp4,silly,1,20,False
data_raw/delicious/15369.mp4,delicious,0,9,False
data_raw/delicious/15370.mp4,delicious,0,10,False
data_raw/delicious/15361.mp4,delicious,0,21,False
data_raw/delicious/15365.mp4,delicious,0,6,False
data_raw/delicious/15374.mp4,delicious,0,18,False
data_raw/delicious/15363.mp4,delicious,1,8,False
data_raw/delicious/15362.mp4,delicious,0,14,False
data_raw/delicious/15364.mp4,delicious,1,7,False
data_raw/delicious/15366.mp4,delicious,1,15,False
data_raw/delicious/65457.mp4,delicious,1,13,False
data_raw/appointment/03062.mp4,appointment,5,9,True
data_raw/appointment/03061.mp4,appointment,7,10,True
data_raw/appointment/03057.mp4,appointment,5,20,True
data_raw/appointment/03060.mp4,appointment,10,25,True
data_raw/appointment/03059.mp4,appointment,6,21,True
data_raw/appointment/03063.mp4,appointment,6,19,True
data_raw/appointment/03058.mp4,appointment,5,12,True
data_raw/appointment/03055.mp4,appointment,11,37,True
data_raw/appointment/03056.mp4,appointment,11,23,True
data_raw/appointment/65087.mp4,appointment,4,10,False
data_raw/brother/07938.mp4,brother,6,21,True
data_raw/brother/07934.mp4,brother,4,13,False
data_raw/brother/07943.mp4,brother,2,18,False
data_raw/brother/07937.mp4,brother,6,14,True
data_raw/brother/07940.mp4,brother,5,6,True
data_raw/brother/07932.mp4,brother,6,17,True
data_raw/brother/07933.mp4,brother,3,16,False
data_raw/brother/07935.mp4,brother,5,10,True
data_raw/brother/65262.mp4,brother,4,15,False
data_raw/brother/07936.mp4,brother,5,10,True
data_raw/brother/69251.mp4,brother,5,16,True
data_raw/yesterday/66821.mp4,yesterday,1,13,False
data_raw/yesterday/64304.mp4,yesterday,1,13,False
data_raw/yesterday/64306.mp4,yesterday,0,13,False
data_raw/yesterday/64309.mp4,yesterday,2,15,False
data_raw/yesterday/66822.mp4,yesterday,1,13,False
data_raw/yesterday/64311.mp4,yesterday,0,10,False
data_raw/yesterday/64307.mp4,yesterday,1,11,False
data_raw/yesterday/64308.mp4,yesterday,1,8,False
data_raw/yesterday/64305.mp4,yesterday,1,13,False
data_raw/yesterday/64315.mp4,yesterday,1,22,False
data_raw/bar/05086.mp4,bar,0,13,False
data_raw/bar/05097.mp4,bar,5,6,True
data_raw/bar/05103.mp4,bar,0,20,False
data_raw/bar/05098.mp4,bar,0,6,False
data_raw/bar/05095.mp4,bar,15,17,True
data_raw/bar/05089.mp4,bar,1,20,False
data_raw/bar/05088.mp4,bar,11,27,True
data_raw/bar/05087.mp4,bar,0,9,False
data_raw/bar/65137.mp4,bar,1,8,False
data_raw/bar/05102.mp4,bar,7,20,True
data_raw/bar/05090.mp4,bar,0,17,False
data_raw/bad/65125.mp4,bad,0,11,False
data_raw/bad/04712.mp4,bad,1,4,False
data_raw/bad/04723.mp4,bad,2,18,False
data_raw/bad/04717.mp4,bad,4,7,False
data_raw/bad/04713.mp4,bad,1,16,False
data_raw/bad/04715.mp4,bad,1,19,False
data_raw/bad/04709.mp4,bad,1,14,False
data_raw/bad/69219.mp4,bad,2,11,False
data_raw/bad/04718.mp4,bad,1,8,False
data_raw/bad/04708.mp4,bad,0,15,False
data_raw/fish/22121.mp4,fish,0,10,False
data_raw/fish/22130.mp4,fish,1,17,False
data_raw/fish/22120.mp4,fish,7,7,True
data_raw/fish/22113.mp4,fish,2,16,False
data_raw/fish/22116.mp4,fish,0,6,False
data_raw/fish/22114.mp4,fish,2,18,False
data_raw/fish/65731.mp4,fish,1,9,False
data_raw/fish/22115.mp4,fish,6,13,True
data_raw/fish/69325.mp4,fish,2,19,False
data_raw/fish/22117.mp4,fish,1,16,False
data_raw/family/20983.mp4,family,10,18,True
data_raw/family/65677.mp4,family,3,14,False
data_raw/family/20980.mp4,family,5,17,True
data_raw/family/20992.mp4,family,5,17,True
data_raw/family/20981.mp4,family,8,16,True
data_raw/family/20979.mp4,family,7,17,True
data_raw/family/20982.mp4,family,4,8,False
data_raw/family/20986.mp4,family,12,12,True
data_raw/family/69316.mp4,family,8,17,True
data_raw/family/20987.mp4,family,7,9,True
data_raw/family/20978.mp4,family,9,21,True
data_raw/take/56693.mp4,take,4,16,False
data_raw/take/69500.mp4,take,0,19,False
data_raw/take/56694.mp4,take,7,15,True
data_raw/take/56692.mp4,take,1,18,False
data_raw/take/56705.mp4,take,1,18,False
data_raw/take/56701.mp4,take,7,8,True
data_raw/take/56704.mp4,take,5,17,True
data_raw/take/56698.mp4,take,0,7,False
data_raw/take/56699.mp4,take,0,7,False
data_raw/take/56702.mp4,take,9,11,True
data_raw/take/56700.mp4,take,5,6,True
data_raw/last/32260.mp4,last,4,19,False
data_raw/last/32249.mp4,last,7,18,True
data_raw/last/32255.mp4,last,0,6,False
data_raw/last/32253.mp4,last,0,7,False
data_raw/last/32257.mp4,last,1,10,False
data_raw/last/32261.mp4,last,0,19,False
data_raw/last/32263.mp4,last,5,20,True
data_raw/last/32250.mp4,last,6,12,True
data_raw/last/32246.mp4,last,10,20,True
data_raw/last/66010.mp4,last,3,11,False
data_raw/last/32254.mp4,last,6,7,True
data_raw/last/32248.mp4,last,1,6,False
data_raw/change/09956.mp4,change,1,6,False
data_raw/change/09949.mp4,change,4,16,False
data_raw/change/09957.mp4,change,3,20,False
data_raw/change/09955.mp4,change,3,15,False
data_raw/change/09960.mp4,change,8,20,True
data_raw/change/09970.mp4,change,3,17,False
data_raw/change/09963.mp4,change,5,11,True
data_raw/change/09967.mp4,change,4,9,False
data_raw/change/09950.mp4,change,4,14,False
data_raw/change/09966.mp4,change,5,15,True
data_raw/change/09953.mp4,change,5,18,True
data_raw/change/09954.mp4,change,1,7,False
data_raw/year/64210.mp4,year,6,16,True
data_raw/year/64209.mp4,year,4,14,False
data_raw/year/64213.mp4,year,10,20,True
data_raw/year/64211.mp4,year,3,11,False
data_raw/year/64212.mp4,year,3,11,False
data_raw/year/64219.mp4,year,5,6,True
data_raw/year/64224.mp4,year,4,19,False
data_raw/year/64218.mp4,year,11,12,True
data_raw/year/66818.mp4,year,3,11,False
data_raw/year/66816.mp4,year,3,12,False
data_raw/blanket/06553.mp4,blanket,4,8,False
data_raw/blanket/06552.mp4,blanket,2,5,False
data_raw/blanket/65205.mp4,blanket,4,11,False
data_raw/blanket/06551.mp4,blanket,9,16,True
data_raw/blanket/06559.mp4,blanket,10,10,True
data_raw/blanket/06554.mp4,blanket,2,7,False
data_raw/blanket/06563.mp4,blanket,4,19,False
data_raw/blanket/65204.mp4,blanket,4,13,False
data_raw/blanket/06558.mp4,blanket,9,11,True
data_raw/blanket/06555.mp4,blanket,9,24,True
data_raw/white/63208.mp4,white,1,8,False
data_raw/white/63214.mp4,white,0,15,False
data_raw/white/69533.mp4,white,2,15,False
data_raw/white/63200.mp4,white,0,22,False
data_raw/white/63203.mp4,white,0,7,False
data_raw/white/63205.mp4,white,1,16,False
data_raw/white/63201.mp4,white,0,17,False
data_raw/white/63207.mp4,white,0,5,False
data_raw/white/63202.mp4,white,0,15,False
data_raw/white/63204.mp4,white,0,8,False
data_raw/no/66183.mp4,no,0,14,False
data_raw/no/38524.mp4,no,1,16,False
data_raw/no/38533.mp4,no,0,11,False
data_raw/no/38544.mp4,no,0,17,False
data_raw/no/38529.mp4,no,0,22,False
data_raw/no/38530.mp4,no,0,11,False
data_raw/no/38532.mp4,no,0,9,False
data_raw/no/69411.mp4,no,1,14,False
data_raw/no/38534.mp4,no,0,11,False
data_raw/no/38525.mp4,no,0,13,False
data_raw/no/38527.mp4,no,0,10,False
data_raw/like/33273.mp4,like,2,8,False
data_raw/like/69389.mp4,like,0,12,False
data_raw/like/33269.mp4,like,0,15,False
data_raw/like/33267.mp4,like,0,15,False
data_raw/like/33286.mp4,like,0,20,False
data_raw/like/33274.mp4,like,0,6,False
data_raw/like/33285.mp4,like,1,21,False
data_raw/like/33266.mp4,like,0,13,False
data_raw/like/33268.mp4,like,0,11,False
data_raw/like/33270.mp4,like,1,16,False
data_raw/cheat/10148.mp4,cheat,1,7,False
data_raw/cheat/10157.mp4,cheat,0,11,False
data_raw/cheat/10166.mp4,cheat,4,19,False
data_raw/cheat/65341.mp4,cheat,4,16,False
data_raw/cheat/10151.mp4,cheat,2,7,False
data_raw/cheat/10158.mp4,cheat,9,9,True
data_raw/cheat/10149.mp4,cheat,2,9,False
data_raw/cheat/10159.mp4,cheat,8,12,True
data_raw/cheat/65342.mp4,cheat,4,13,False
data_raw/cheat/10147.mp4,cheat,4,15,False
data_raw/room/48511.mp4,room,4,7,False
data_raw/room/48514.mp4,room,8,15,True
data_raw/room/48516.mp4,room,10,11,True
data_raw/room/48521.mp4,room,6,21,True
data_raw/room/48512.mp4,room,5,21,True
data_raw/room/48517.mp4,room,9,10,True
data_raw/room/66416.mp4,room,2,9,False
data_raw/room/48509.mp4,room,5,15,True
data_raw/room/66415.mp4,room,3,9,False
data_raw/room/48510.mp4,room,2,8,False
data_raw/room/48513.mp4,room,3,8,False
data_raw/balance/04803.mp4,balance,9,13,True
data_raw/balance/04795.mp4,balance,9,21,True
data_raw/balance/04802.mp4,balance,10,14,True
data_raw/balance/04799.mp4,balance,13,22,True
data_raw/balance/04798.mp4,balance,3,7,False
data_raw/balance/04796.mp4,balance,8,19,True
data_raw/balance/04801.mp4,balance,12,14,True
data_raw/balance/04797.mp4,balance,4,9,False
data_raw/balance/04806.mp4,balance,6,24,True
data_raw/balance/65129.mp4,balance,4,19,False
data_raw/basketball/05238.mp4,basketball,9,9,True
data_raw/basketball/05234.mp4,basketball,7,19,True
data_raw/basketball/05231.mp4,basketball,3,7,False
data_raw/basketball/05239.mp4,basketball,10,10,True
data_raw/basketball/69225.mp4,basketball,8,19,True
data_raw/basketball/05230.mp4,basketball,6,20,True
data_raw/basketball/65144.mp4,basketball,3,11,False
data_raw/basketball/05243.mp4,basketball,5,16,True
data_raw/basketball/05232.mp4,basketball,3,7,False
data_raw/basketball/05233.mp4,basketball,9,24,True
data_raw/basketball/65145.mp4,basketball,4,10,False
data_raw/basketball/05229.mp4,basketball,8,15,True
data_raw/wait/62098.mp4,wait,8,17,True
data_raw/wait/62097.mp4,wait,4,19,False
data_raw/wait/62107.mp4,wait,6,15,True
data_raw/wait/62101.mp4,wait,3,7,False
data_raw/wait/62113.mp4,wait,5,18,True
data_raw/wait/62103.mp4,wait,12,18,True
data_raw/wait/62100.mp4,wait,8,22,True
data_raw/wait/66740.mp4,wait,4,13,False
data_raw/wait/62102.mp4,wait,5,9,True
data_raw/wait/62106.mp4,wait,10,10,True
data_raw/play/43167.mp4,play,4,15,False
data_raw/play/69433.mp4,play,6,15,True
data_raw/play/43166.mp4,play,7,19,True
data_raw/play/43168.mp4,play,5,7,True
data_raw/play/43171.mp4,play,9,22,True
data_raw/play/43169.mp4,play,7,11,True
data_raw/play/43174.mp4,play,13,18,True
data_raw/play/43170.mp4,play,12,18,True
data_raw/play/43180.mp4,play,4,16,False
data_raw/play/43173.mp4,play,9,9,True
data_raw/play/43179.mp4,play,3,16,False
data_raw/convince/13137.mp4,convince,3,8,False
data_raw/convince/13134.mp4,convince,6,15,True
data_raw/convince/13148.mp4,convince,4,15,False
data_raw/convince/65400.mp4,convince,3,15,False
data_raw/convince/13135.mp4,convince,6,18,True
data_raw/convince/65401.mp4,convince,2,10,False
data_raw/convince/13144.mp4,convince,7,10,True
data_raw/convince/13143.mp4,convince,8,10,True
data_raw/convince/13138.mp4,convince,7,16,True
data_raw/convince/13136.mp4,convince,4,7,False
data_raw/bed/05634.mp4,bed,9,21,True
data_raw/bed/05632.mp4,bed,0,7,False
data_raw/bed/05638.mp4,bed,1,8,False
data_raw/bed/65161.mp4,bed,0,12,False
data_raw/bed/05631.mp4,bed,0,5,False
data_raw/bed/05637.mp4,bed,0,10,False
data_raw/bed/05644.mp4,bed,1,17,False
data_raw/bed/05630.mp4,bed,7,18,True
data_raw/bed/05636.mp4,bed,5,14,True
data_raw/bed/05633.mp4,bed,1,6,False
data_raw/bed/05629.mp4,bed,1,14,False
data_raw/bed/65162.mp4,bed,1,11,False
data_raw/bed/65163.mp4,bed,0,12,False
data_raw/example/20068.mp4,example,3,6,False
data_raw/example/65653.mp4,example,4,14,False
data_raw/example/65654.mp4,example,3,16,False
data_raw/example/20071.mp4,example,3,7,False
data_raw/example/20074.mp4,example,10,10,True
data_raw/example/20077.mp4,example,5,17,True
data_raw/example/65652.mp4,example,3,17,False
data_raw/example/20066.mp4,example,6,13,True
data_raw/example/20072.mp4,example,7,14,True
data_raw/example/20070.mp4,example,3,8,False
data_raw/example/20067.mp4,example,2,6,False
data_raw/bowling/07400.mp4,bowling,7,8,True
data_raw/bowling/07388.mp4,bowling,0,14,False
data_raw/bowling/07399.mp4,bowling,1,13,False
data_raw/bowling/07394.mp4,bowling,2,20,False
data_raw/bowling/07397.mp4,bowling,1,11,False
data_raw/bowling/65242.mp4,bowling,1,18,False
data_raw/bowling/07392.mp4,bowling,0,6,False
data_raw/bowling/07398.mp4,bowling,0,12,False
data_raw/bowling/07389.mp4,bowling,0,17,False
data_raw/bowling/07391.mp4,bowling,0,6,False
data_raw/bowling/65241.mp4,bowling,1,13,False
data_raw/bowling/07390.mp4,bowling,1,6,False
data_raw/bowling/07393.mp4,bowling,0,13,False
data_raw/tall/56843.mp4,tall,1,18,False
data_raw/tall/56838.mp4,tall,2,20,False
data_raw/tall/66592.mp4,tall,1,14,False
data_raw/tall/56848.mp4,tall,6,7,True
data_raw/tall/56841.mp4,tall,0,10,False
data_raw/tall/56852.mp4,tall,6,17,True
data_raw/tall/56846.mp4,tall,0,9,False
data_raw/tall/56840.mp4,tall,0,6,False
data_raw/tall/56837.mp4,tall,6,22,True
data_raw/tall/56842.mp4,tall,4,9,False
data_raw/tall/56839.mp4,tall,0,8,False
data_raw/tall/66591.mp4,tall,2,11,False
data_raw/tall/56844.mp4,tall,4,22,False
data_raw/fat/65692.mp4,fat,3,15,False
data_raw/fat/21242.mp4,fat,10,10,True
data_raw/fat/21252.mp4,fat,6,18,True
data_raw/fat/21237.mp4,fat,5,21,True
data_raw/fat/21243.mp4,fat,6,9,True
data_raw/fat/21236.mp4,fat,0,14,False
data_raw/fat/21231.mp4,fat,8,16,True
data_raw/fat/21234.mp4,fat,2,6,False
data_raw/fat/21241.mp4,fat,8,9,True
data_raw/fat/21233.mp4,fat,7,18,True
data_raw/apple/03001.mp4,apple,0,19,False
data_raw/apple/03008.mp4,apple,0,18,False
data_raw/apple/69213.mp4,apple,0,19,False
data_raw/apple/03002.mp4,apple,1,14,False
data_raw/apple/03005.mp4,apple,0,9,False
data_raw/apple/65084.mp4,apple,0,13,False
data_raw/apple/03000.mp4,apple,0,21,False
data_raw/apple/65086.mp4,apple,1,16,False
data_raw/apple/65085.mp4,apple,1,14,False
data_raw/apple/02999.mp4,apple,0,15,False
data_raw/apple/03003.mp4,apple,0,26,False
data_raw/champion/09922.mp4,champion,8,16,True
data_raw/champion/09919.mp4,champion,4,8,False
data_raw/champion/09920.mp4,champion,3,7,False
data_raw/champion/09918.mp4,champion,2,6,False
data_raw/champion/09924.mp4,champion,9,10,True
data_raw/champion/09926.mp4,champion,3,17,False
data_raw/champion/09916.mp4,champion,2,5,False
data_raw/champion/65330.mp4,champion,2,12,False
data_raw/champion/09921.mp4,champion,5,7,True
data_raw/champion/09917.mp4,champion,2,6,False
data_raw/champion/09915.mp4,champion,1,18,False
data_raw/work/63790.mp4,work,5,16,True
data_raw/work/63789.mp4,work,2,13,False
data_raw/work/63791.mp4,work,5,9,True
data_raw/work/63792.mp4,work,5,11,True
data_raw/work/63795.mp4,work,8,8,True
data_raw/work/63788.mp4,work,12,26,True
data_raw/work/63799.mp4,work,7,10,True
data_raw/work/66804.mp4,work,4,11,False
data_raw/work/63806.mp4,work,4,15,False
data_raw/work/63793.mp4,work,10,16,True
data_raw/laugh/32383.mp4,laugh,4,7,False
data_raw/laugh/32386.mp4,laugh,10,20,True
data_raw/laugh/32381.mp4,laugh,3,7,False
data_raw/laugh/32398.mp4,laugh,6,19,True
data_raw/laugh/66016.mp4,laugh,4,13,False
data_raw/laugh/32388.mp4,laugh,0,10,False
data_raw/laugh/32382.mp4,laugh,5,7,True
data_raw/laugh/32380.mp4,laugh,0,8,False
data_raw/laugh/32377.mp4,laugh,4,21,False
data_raw/laugh/32389.mp4,laugh,11,12,True
data_raw/laugh/32379.mp4,laugh,1,8,False
data_raw/theory/57791.mp4,theory,0,7,False
data_raw/theory/66603.mp4,theory,1,12,False
data_raw/theory/57788.mp4,theory,0,10,False
data_raw/theory/57783.mp4,theory,1,22,False
data_raw/theory/57789.mp4,theory,0,12,False
data_raw/theory/57784.mp4,theory,0,9,False
data_raw/theory/66604.mp4,theory,1,24,False
data_raw/theory/57785.mp4,theory,2,15,False
data_raw/theory/57782.mp4,theory,1,26,False
data_raw/theory/57794.mp4,theory,2,15,False
data_raw/daughter/14752.mp4,daughter,6,10,True
data_raw/daughter/65443.mp4,daughter,3,11,False
data_raw/daughter/14753.mp4,daughter,6,17,True
data_raw/daughter/14756.mp4,daughter,7,8,True
data_raw/daughter/14751.mp4,daughter,2,13,False
data_raw/daughter/14755.mp4,daughter,5,6,True
data_raw/daughter/14749.mp4,daughter,0,16,False
data_raw/daughter/14757.mp4,daughter,8,9,True
data_raw/daughter/14750.mp4,daughter,9,17,True
data_raw/daughter/14760.mp4,daughter,4,18,False
data_raw/soon/53294.mp4,soon,0,7,False
data_raw/soon/66534.mp4,soon,0,13,False
data_raw/soon/66533.mp4,soon,0,13,False
data_raw/soon/53292.mp4,soon,0,21,False
data_raw/soon/53301.mp4,soon,0,7,False
data_raw/soon/53305.mp4,soon,0,16,False
data_raw/soon/53293.mp4,soon,0,16,False
data_raw/soon/53300.mp4,soon,9,9,True
data_raw/soon/53296.mp4,soon,10,18,True
data_raw/soon/53295.mp4,soon,5,9,True
data_raw/soon/53304.mp4,soon,5,17,True
data_raw/give/24638.mp4,give,0,6,False
data_raw/give/24649.mp4,give,13,15,True
data_raw/give/24641.mp4,give,6,11,True
data_raw/give/69343.mp4,give,2,19,False
data_raw/give/24639.mp4,give,0,5,False
data_raw/give/24660.mp4,give,3,14,False
data_raw/give/24640.mp4,give,3,7,False
data_raw/give/24636.mp4,give,0,19,False
data_raw/give/24648.mp4,give,7,8,True
data_raw/give/24651.mp4,give,4,6,False
data_raw/order/66248.mp4,order,1,9,False
data_raw/order/40183.mp4,order,6,20,True
data_raw/order/40169.mp4,order,0,13,False
data_raw/order/40179.mp4,order,9,11,True
data_raw/order/40171.mp4,order,10,19,True
data_raw/order/40178.mp4,order,9,11,True
data_raw/order/40184.mp4,order,0,19,False
data_raw/order/40172.mp4,order,0,18,False
data_raw/order/66249.mp4,order,1,12,False
data_raw/order/40177.mp4,order,0,7,False
data_raw/yes/64287.mp4,yes,3,14,False
data_raw/yes/64293.mp4,yes,2,11,False
data_raw/yes/64281.mp4,yes,0,15,False
data_raw/yes/69546.mp4,yes,2,15,False
data_raw/yes/64280.mp4,yes,1,13,False
data_raw/yes/64283.mp4,yes,0,5,False
data_raw/yes/64288.mp4,yes,3,11,False
data_raw/yes/64300.mp4,yes,2,18,False
data_raw/yes/64292.mp4,yes,0,10,False
data_raw/yes/66820.mp4,yes,0,10,False
data_raw/yes/64291.mp4,yes,1,11,False
data_raw/yes/64284.mp4,yes,1,12,False
data_raw/cool/13203.mp4,cool,0,13,False
data_raw/cool/13217.mp4,cool,1,15,False
data_raw/cool/13198.mp4,cool,1,7,False
data_raw/cool/65403.mp4,cool,0,15,False
data_raw/cool/69281.mp4,cool,0,16,False
data_raw/cool/13202.mp4,cool,0,16,False
data_raw/cool/13196.mp4,cool,0,6,False
data_raw/cool/13209.mp4,cool,0,14,False
data_raw/cool/13213.mp4,cool,11,11,True
data_raw/cool/13197.mp4,cool,0,6,False
data_raw/cool/13208.mp4,cool,1,12,False
data_raw/cool/65402.mp4,cool,0,11,False
data_raw/cool/13199.mp4,cool,4,12,False
data_raw/cool/13216.mp4,cool,4,15,False
data_raw/cool/13201.mp4,cool,10,19,True
data_raw/cool/13200.mp4,cool,0,5,False
data_raw/who/63242.mp4,who,0,18,False
data_raw/who/63227.mp4,who,0,8,False
data_raw/who/63226.mp4,who,0,14,False
data_raw/who/66779.mp4,who,1,11,False
data_raw/who/63236.mp4,who,0,9,False
data_raw/who/63237.mp4,who,1,9,False
data_raw/who/63225.mp4,who,0,23,False
data_raw/who/63229.mp4,who,0,10,False
data_raw/who/63231.mp4,who,0,19,False
data_raw/who/66778.mp4,who,0,12,False
data_raw/who/63232.mp4,who,1,31,False
data_raw/who/63230.mp4,who,0,13,False
data_raw/who/69534.mp4,who,0,13,False
data_raw/who/63228.mp4,who,0,8,False
data_raw/sandwich/49245.mp4,sandwich,2,20,False
data_raw/sandwich/66423.mp4,sandwich,5,11,True
data_raw/sandwich/66424.mp4,sandwich,5,11,True
data_raw/sandwich/49252.mp4,sandwich,0,8,False
data_raw/sandwich/49251.mp4,sandwich,10,10,True
data_raw/sandwich/49248.mp4,sandwich,0,17,False
data_raw/sandwich/49246.mp4,sandwich,4,13,False
data_raw/sandwich/49250.mp4,sandwich,10,10,True
data_raw/sandwich/49247.mp4,sandwich,4,9,False
data_raw/sandwich/49255.mp4,sandwich,4,17,False
data_raw/ready/46299.mp4,ready,5,6,True
data_raw/ready/46292.mp4,ready,9,16,True
data_raw/ready/46300.mp4,ready,9,9,True
data_raw/ready/46293.mp4,ready,6,14,True
data_raw/ready/46305.mp4,ready,5,16,True
data_raw/ready/46288.mp4,ready,5,16,True
data_raw/ready/46296.mp4,ready,8,9,True
data_raw/ready/66374.mp4,ready,3,10,False
data_raw/ready/46289.mp4,ready,3,19,False
data_raw/ready/46291.mp4,ready,2,7,False
data_raw/because/05605.mp4,because,0,6,False
data_raw/because/05601.mp4,because,0,21,False
data_raw/because/05599.mp4,because,0,7,False
data_raw/because/05609.mp4,because,1,20,False
data_raw/because/05598.mp4,because,0,7,False
data_raw/because/05600.mp4,because,0,6,False
data_raw/because/05606.mp4,because,0,7,False
data_raw/because/65159.mp4,because,1,13,False
data_raw/because/65158.mp4,because,0,12,False
data_raw/because/05596.mp4,because,1,19,False
data_raw/sweet/56312.mp4,sweet,1,8,False
data_raw/sweet/56306.mp4,sweet,0,21,False
data_raw/sweet/56317.mp4,sweet,0,16,False
data_raw/sweet/66585.mp4,sweet,0,10,False
data_raw/sweet/56309.mp4,sweet,0,15,False
data_raw/sweet/69499.mp4,sweet,0,19,False
data_raw/sweet/56307.mp4,sweet,0,12,False
data_raw/sweet/56313.mp4,sweet,0,9,False
data_raw/sweet/56308.mp4,sweet,1,8,False
data_raw/sweet/56314.mp4,sweet,0,6,False
data_raw/thursday/58366.mp4,thursday,0,8,False
data_raw/thursday/58370.mp4,thursday,1,15,False
data_raw/thursday/58365.mp4,thursday,3,14,False
data_raw/thursday/58362.mp4,thursday,7,12,True
data_raw/thursday/66640.mp4,thursday,0,12,False
data_raw/thursday/66639.mp4,thursday,0,13,False
data_raw/thursday/58360.mp4,thursday,1,17,False
data_raw/thursday/58363.mp4,thursday,0,14,False
data_raw/thursday/66638.mp4,thursday,1,15,False
data_raw/thursday/58361.mp4,thursday,0,18,False
data_raw/thursday/66637.mp4,thursday,0,14,False
data_raw/study/55365.mp4,study,13,21,True
data_raw/study/55363.mp4,study,7,16,True
data_raw/study/55375.mp4,study,4,17,False
data_raw/study/55366.mp4,study,6,15,True
data_raw/study/55362.mp4,study,10,22,True
data_raw/study/66575.mp4,study,7,10,True
data_raw/study/55361.mp4,study,13,30,True
data_raw/study/55369.mp4,study,16,21,True
data_raw/study/55364.mp4,study,4,7,False
data_raw/study/55368.mp4,study,7,8,True
data_raw/woman/63666.mp4,woman,0,14,False
data_raw/woman/63679.mp4,woman,0,14,False
data_raw/woman/63664.mp4,woman,0,25,False
data_raw/woman/63673.mp4,woman,0,9,False
data_raw/woman/63667.mp4,woman,0,6,False
data_raw/woman/63668.mp4,woman,0,7,False
data_raw/woman/63665.mp4,woman,0,15,False
data_raw/woman/66799.mp4,woman,1,11,False
data_raw/woman/66798.mp4,woman,0,10,False
data_raw/woman/63672.mp4,woman,0,6,False
data_raw/woman/63669.mp4,woman,0,19,False
data_raw/cousin/13634.mp4,cousin,1,20,False
data_raw/cousin/13641.mp4,cousin,0,9,False
data_raw/cousin/13636.mp4,cousin,0,27,False
data_raw/cousin/65415.mp4,cousin,0,14,False
data_raw/cousin/13646.mp4,cousin,0,15,False
data_raw/cousin/13648.mp4,cousin,1,14,False
data_raw/cousin/13633.mp4,cousin,0,19,False
data_raw/cousin/13635.mp4,cousin,0,22,False
data_raw/cousin/13640.mp4,cousin,0,12,False
data_raw/cousin/13631.mp4,cousin,0,15,False
data_raw/cousin/13630.mp4,cousin,1,22,False
data_raw/cousin/13647.mp4,cousin,1,16,False
data_raw/cousin/13642.mp4,cousin,0,8,False
data_raw/cousin/13632.mp4,cousin,1,15,False
data_raw/good/69347.mp4,good,0,10,False
data_raw/good/25070.mp4,good,0,11,False
data_raw/good/65835.mp4,good,0,9,False
data_raw/good/25076.mp4,good,1,18,False
data_raw/good/25073.mp4,good,0,7,False
data_raw/good/25068.mp4,good,1,12,False
data_raw/good/25067.mp4,good,3,15,False
data_raw/good/25072.mp4,good,9,10,True
data_raw/good/25066.mp4,good,3,12,False
data_raw/good/25069.mp4,good,0,5,False
data_raw/toast/58661.mp4,toast,3,15,False
data_raw/toast/58649.mp4,toast,7,24,True
data_raw/toast/58651.mp4,toast,4,8,False
data_raw/toast/58658.mp4,toast,11,13,True
data_raw/toast/58657.mp4,toast,8,11,True
data_raw/toast/58654.mp4,toast,8,17,True
data_raw/toast/58652.mp4,toast,3,7,False
data_raw/toast/58655.mp4,toast,13,23,True
data_raw/toast/58653.mp4,toast,7,16,True
data_raw/toast/66652.mp4,toast,3,15,False
data_raw/tell/57276.mp4,tell,0,19,False
data_raw/tell/57278.mp4,tell,1,16,False
data_raw/tell/57283.mp4,tell,0,12,False
data_raw/tell/57282.mp4,tell,0,9,False
data_raw/tell/57286.mp4,tell,1,8,False
data_raw/tell/57284.mp4,tell,0,9,False
data_raw/tell/57285.mp4,tell,1,9,False
data_raw/tell/57287.mp4,tell,0,8,False
data_raw/tell/57277.mp4,tell,1,8,False
data_raw/tell/57291.mp4,tell,0,17,False
data_raw/trade/59206.mp4,trade,3,6,False
data_raw/trade/59212.mp4,trade,7,14,True
data_raw/trade/59210.mp4,trade,5,12,True
data_raw/trade/59205.mp4,trade,11,21,True
data_raw/trade/59207.mp4,trade,2,6,False
data_raw/trade/59209.mp4,trade,2,10,False
data_raw/trade/59208.mp4,trade,2,7,False
data_raw/trade/59215.mp4,trade,9,11,True
data_raw/trade/59216.mp4,trade,11,13,True
data_raw/trade/59214.mp4,trade,6,10,True
data_raw/trade/59211.mp4,trade,2,9,False
data_raw/trade/59219.mp4,trade,8,21,True
data_raw/trade/59204.mp4,trade,12,29,True
data_raw/black/06471.mp4,black,1,16,False
data_raw/black/06474.mp4,black,1,16,False
data_raw/black/06473.mp4,black,0,12,False
data_raw/black/69236.mp4,black,0,13,False
data_raw/black/06486.mp4,black,0,23,False
data_raw/black/06476.mp4,black,0,7,False
data_raw/black/06478.mp4,black,4,9,False
data_raw/black/65200.mp4,black,1,10,False
data_raw/black/06472.mp4,black,0,19,False
data_raw/black/06477.mp4,black,0,5,False
data_raw/write/64060.mp4,write,10,17,True
data_raw/write/64059.mp4,write,3,7,False
data_raw/write/64057.mp4,write,4,16,False
data_raw/write/64061.mp4,write,7,13,True
data_raw/write/64056.mp4,write,5,17,True
data_raw/write/66815.mp4,write,5,12,True
data_raw/write/64058.mp4,write,7,15,True
data_raw/write/64068.mp4,write,4,19,False
data_raw/write/64065.mp4,write,6,8,True
data_raw/write/69544.mp4,write,8,17,True
data_raw/help/27207.mp4,help,3,12,False
data_raw/help/27213.mp4,help,6,10,True
data_raw/help/27216.mp4,help,4,11,False
data_raw/help/65890.mp4,help,3,12,False
data_raw/help/27214.mp4,help,8,11,True
data_raw/help/27206.mp4,help,4,15,False
data_raw/help/69364.mp4,help,1,15,False
data_raw/help/65889.mp4,help,2,13,False
data_raw/help/27217.mp4,help,5,13,True
data_raw/help/27209.mp4,help,6,12,True
data_raw/help/27215.mp4,help,1,6,False
data_raw/help/27221.mp4,help,5,16,True
data_raw/help/65891.mp4,help,3,12,False
data_raw/help/27208.mp4,help,6,14,True
data_raw/deaf/14894.mp4,deaf,0,8,False
data_raw/deaf/14903.mp4,deaf,1,17,False
data_raw/deaf/14887.mp4,deaf,0,13,False
data_raw/deaf/14886.mp4,deaf,1,8,False
data_raw/deaf/65445.mp4,deaf,0,11,False
data_raw/deaf/14888.mp4,deaf,1,14,False
data_raw/deaf/14885.mp4,deaf,0,6,False
data_raw/deaf/14883.mp4,deaf,0,5,False
data_raw/deaf/14884.mp4,deaf,0,8,False
data_raw/deaf/14893.mp4,deaf,1,9,False
data_raw/deaf/14882.mp4,deaf,1,22,False
data_raw/perspective/42248.mp4,perspective,12,19,True
data_raw/perspective/42246.mp4,perspective,5,9,True
data_raw/perspective/42256.mp4,perspective,4,15,False
data_raw/perspective/42253.mp4,perspective,16,17,True
data_raw/perspective/42243.mp4,perspective,13,25,True
data_raw/perspective/42247.mp4,perspective,6,9,True
data_raw/perspective/42245.mp4,perspective,5,20,True
data_raw/perspective/42252.mp4,perspective,8,8,True
data_raw/perspective/66281.mp4,perspective,5,12,True
data_raw/perspective/42251.mp4,perspective,16,17,True
data_raw/thin/57934.mp4,thin,0,18,False
data_raw/thin/57936.mp4,thin,0,6,False
data_raw/thin/57941.mp4,thin,0,6,False
data_raw/thin/57933.mp4,thin,5,18,True
data_raw/thin/57939.mp4,thin,3,8,False
data_raw/thin/57937.mp4,thin,0,7,False
data_raw/thin/57942.mp4,thin,0,15,False
data_raw/thin/57935.mp4,thin,5,18,True
data_raw/thin/57953.mp4,thin,4,18,False
data_raw/thin/57940.mp4,thin,0,6,False
data_raw/thin/57947.mp4,thin,8,10,True
data_raw/thin/57948.mp4,thin,0,11,False
data_raw/thin/57949.mp4,thin,0,11,False
data_raw/thin/66606.mp4,thin,0,13,False
data_raw/thin/66607.mp4,thin,4,15,False
data_raw/thin/57943.mp4,thin,3,24,False
data_raw/call/65290.mp4,call,0,12,False
data_raw/call/08706.mp4,call,6,7,True
data_raw/call/08689.mp4,call,2,7,False
data_raw/call/08713.mp4,call,1,18,False
data_raw/call/08702.mp4,call,0,6,False
data_raw/call/08707.mp4,call,6,7,True
data_raw/call/08691.mp4,call,6,21,True
data_raw/call/08692.mp4,call,7,13,True
data_raw/call/08690.mp4,call,0,7,False
data_raw/call/08694.mp4,call,2,15,False
data_raw/call/08701.mp4,call,0,8,False
data_raw/call/65556.mp4,call,0,10,False
data_raw/hot/28111.mp4,hot,0,7,False
data_raw/hot/28109.mp4,hot,1,12,False
data_raw/hot/28107.mp4,hot,1,17,False
data_raw/hot/69368.mp4,hot,0,12,False
data_raw/hot/28110.mp4,hot,0,7,False
data_raw/hot/28112.mp4,hot,0,16,False
data_raw/hot/28116.mp4,hot,1,9,False
data_raw/hot/28108.mp4,hot,0,14,False
data_raw/hot/28125.mp4,hot,0,15,False
data_raw/hot/28115.mp4,hot,1,7,False
data_raw/go/24956.mp4,go,8,9,True
data_raw/go/24947.mp4,go,6,13,True
data_raw/go/69345.mp4,go,5,14,True
data_raw/go/24973.mp4,go,4,22,False
data_raw/go/24955.mp4,go,10,12,True
data_raw/go/65824.mp4,go,3,9,False
data_raw/go/24961.mp4,go,0,9,False
data_raw/go/24962.mp4,go,0,9,False
data_raw/go/24960.mp4,go,0,9,False
data_raw/go/24946.mp4,go,4,7,False
data_raw/go/24954.mp4,go,10,12,True
data_raw/go/24941.mp4,go,3,14,False
data_raw/go/24952.mp4,go,2,7,False
data_raw/go/24940.mp4,go,5,18,True
data_raw/go/24943.mp4,go,5,13,True
data_raw/short/51236.mp4,short,1,20,False
data_raw/short/51232.mp4,short,0,7,False
data_raw/short/51223.mp4,short,0,7,False
data_raw/short/51227.mp4,short,0,21,False
data_raw/short/51233.mp4,short,0,9,False
data_raw/short/66469.mp4,short,2,8,False
data_raw/short/51235.mp4,short,5,19,True
data_raw/short/51225.mp4,short,8,19,True
data_raw/short/51231.mp4,short,9,9,True
data_raw/short/51220.mp4,short,5,14,True
data_raw/short/51221.mp4,short,2,20,False
data_raw/short/51224.mp4,short,0,6,False
data_raw/short/51226.mp4,short,1,16,False
data_raw/walk/62163.mp4,walk,5,7,True
data_raw/walk/62159.mp4,walk,4,18,False
data_raw/walk/62164.mp4,walk,12,17,True
data_raw/walk/62170.mp4,walk,7,9,True
data_raw/walk/62168.mp4,walk,13,14,True
data_raw/walk/62169.mp4,walk,13,13,True
data_raw/walk/66742.mp4,walk,3,14,False
data_raw/walk/62160.mp4,walk,2,6,False
data_raw/walk/66743.mp4,walk,5,11,True
data_raw/walk/62175.mp4,walk,5,20,True
data_raw/walk/62158.mp4,walk,3,19,False
data_raw/man/34738.mp4,man,6,31,True
data_raw/man/34737.mp4,man,0,7,False
data_raw/man/34736.mp4,man,0,7,False
data_raw/man/34733.mp4,man,6,18,True
data_raw/man/34746.mp4,man,1,17,False
data_raw/man/66097.mp4,man,0,13,False
data_raw/man/69395.mp4,man,1,16,False
data_raw/man/34732.mp4,man,0,15,False
data_raw/man/34734.mp4,man,1,20,False
data_raw/man/66098.mp4,man,1,14,False
data_raw/man/66099.mp4,man,1,12,False
data_raw/man/34742.mp4,man,0,5,False
data_raw/government/25246.mp4,government,1,8,False
data_raw/government/25242.mp4,government,2,15,False
data_raw/government/25244.mp4,government,1,8,False
data_raw/government/25241.mp4,government,2,26,False
data_raw/government/25250.mp4,government,0,9,False
data_raw/government/25253.mp4,government,1,16,False
data_raw/government/25247.mp4,government,1,14,False
data_raw/government/25245.mp4,government,0,9,False
data_raw/government/65840.mp4,government,1,9,False
data_raw/government/25243.mp4,government,0,22,False
data_raw/delay/15325.mp4,delay,6,10,True
data_raw/delay/15323.mp4,delay,10,22,True
data_raw/delay/15330.mp4,delay,7,9,True
data_raw/delay/15321.mp4,delay,5,10,True
data_raw/delay/15320.mp4,delay,2,5,False
data_raw/delay/15322.mp4,delay,3,6,False
data_raw/delay/15319.mp4,delay,6,13,True
data_raw/delay/15328.mp4,delay,5,8,True
data_raw/delay/15326.mp4,delay,6,8,True
data_raw/delay/15327.mp4,delay,7,9,True
data_raw/delay/15332.mp4,delay,5,18,True
data_raw/before/05739.mp4,before,9,11,True
data_raw/before/05740.mp4,before,7,10,True
data_raw/before/65167.mp4,before,4,12,False
data_raw/before/05733.mp4,before,13,22,True
data_raw/before/05729.mp4,before,5,11,True
data_raw/before/05750.mp4,before,4,20,False
data_raw/before/05743.mp4,before,1,10,False
data_raw/before/05727.mp4,before,6,18,True
data_raw/before/05732.mp4,before,2,18,False
data_raw/before/05731.mp4,before,0,9,False
data_raw/before/05734.mp4,before,0,17,False
data_raw/before/05749.mp4,before,0,18,False
data_raw/before/05741.mp4,before,0,7,False
data_raw/before/05728.mp4,before,0,6,False
data_raw/before/05742.mp4,before,0,6,False
data_raw/before/05730.mp4,before,3,7,False
data_raw/later/32326.mp4,later,12,22,True
data_raw/later/32321.mp4,later,0,6,False
data_raw/later/32323.mp4,later,0,7,False
data_raw/later/32337.mp4,later,4,21,False
data_raw/later/66015.mp4,later,4,10,False
data_raw/later/66014.mp4,later,1,12,False
data_raw/later/32320.mp4,later,10,17,True
data_raw/later/32322.mp4,later,3,7,False
data_raw/later/32324.mp4,later,0,8,False
data_raw/later/32325.mp4,later,0,25,False
data_raw/later/32338.mp4,later,4,21,False
data_raw/later/32333.mp4,later,8,8,True
data_raw/interest/30154.mp4,interest,2,16,False
data_raw/interest/30166.mp4,interest,9,21,True
data_raw/interest/30152.mp4,interest,24,39,True
data_raw/interest/30168.mp4,interest,8,20,True
data_raw/interest/30160.mp4,interest,6,7,True
data_raw/interest/30153.mp4,interest,2,16,False
data_raw/interest/30155.mp4,interest,7,15,True
data_raw/interest/30156.mp4,interest,6,15,True
data_raw/interest/65950.mp4,interest,2,10,False
data_raw/interest/30162.mp4,interest,12,12,True
data_raw/dark/14676.mp4,dark,9,17,True
data_raw/dark/14672.mp4,dark,3,8,False
data_raw/dark/14675.mp4,dark,6,16,True
data_raw/dark/14681.mp4,dark,10,10,True
data_raw/dark/14685.mp4,dark,2,20,False
data_raw/dark/65440.mp4,dark,2,13,False
data_raw/dark/14673.mp4,dark,4,9,False
data_raw/dark/14680.mp4,dark,4,7,False
data_raw/dark/14671.mp4,dark,2,18,False
data_raw/dark/65439.mp4,dark,3,12,False
data_raw/dark/14674.mp4,dark,3,8,False
data_raw/dark/69290.mp4,dark,4,14,False
data_raw/score/49700.mp4,score,5,10,True
data_raw/score/49691.mp4,score,9,21,True
data_raw/score/49694.mp4,score,3,20,False
data_raw/score/49702.mp4,score,4,8,False
data_raw/score/49706.mp4,score,4,21,False
data_raw/score/49693.mp4,score,7,14,True
data_raw/score/49692.mp4,score,5,17,True
data_raw/score/49697.mp4,score,3,8,False
data_raw/score/49695.mp4,score,10,17,True
data_raw/score/49699.mp4,score,5,10,True
data_raw/score/66434.mp4,score,2,10,False
data_raw/move/37087.mp4,move,3,8,False
data_raw/move/37086.mp4,move,6,14,True
data_raw/move/37085.mp4,move,2,16,False
data_raw/move/37093.mp4,move,10,11,True
data_raw/move/66151.mp4,move,2,12,False
data_raw/move/37094.mp4,move,6,9,True
data_raw/move/37097.mp4,move,6,10,True
data_raw/move/37098.mp4,move,6,9,True
data_raw/move/37102.mp4,move,3,17,False
data_raw/move/37089.mp4,move,11,19,True
data_raw/environment/19408.mp4,environment,11,25,True
data_raw/environment/19411.mp4,environment,5,11,True
data_raw/environment/19414.mp4,environment,6,7,True
data_raw/environment/19409.mp4,environment,8,20,True
data_raw/environment/65639.mp4,environment,3,10,False
data_raw/environment/19412.mp4,environment,9,16,True
data_raw/environment/19407.mp4,environment,4,13,False
data_raw/environment/65638.mp4,environment,3,12,False
data_raw/environment/19410.mp4,environment,7,10,True
data_raw/environment/19418.mp4,environment,4,18,False
data_raw/environment/19406.mp4,environment,7,25,True
data_raw/bird/06334.mp4,bird,1,4,False
data_raw/bird/06335.mp4,bird,0,23,False
data_raw/bird/65187.mp4,bird,1,14,False
data_raw/bird/06343.mp4,bird,2,17,False
data_raw/bird/06333.mp4,bird,0,8,False
data_raw/bird/06330.mp4,bird,0,18,False
data_raw/bird/06331.mp4,bird,0,13,False
data_raw/bird/69233.mp4,bird,1,17,False
data_raw/bird/06332.mp4,bird,0,19,False
data_raw/bird/06337.mp4,bird,0,13,False
data_raw/what/62965.mp4,what,4,15,False
data_raw/what/62988.mp4,what,3,18,False
data_raw/what/62968.mp4,what,2,9,False
data_raw/what/62967.mp4,what,0,6,False
data_raw/what/69531.mp4,what,4,13,False
data_raw/what/62964.mp4,what,5,19,True
data_raw/what/62975.mp4,what,11,11,True
data_raw/what/62979.mp4,what,6,8,True
data_raw/what/66769.mp4,what,3,10,False
data_raw/what/62966.mp4,what,2,5,False
data_raw/what/62987.mp4,what,5,20,True
data_raw/what/62970.mp4,what,10,18,True
data_raw/accident/00633.mp4,accident,0,5,False
data_raw/accident/00627.mp4,accident,1,7,False
data_raw/accident/00632.mp4,accident,5,11,True
data_raw/accident/00629.mp4,accident,19,30,True
data_raw/accident/00628.mp4,accident,1,7,False
data_raw/accident/00624.mp4,accident,2,22,False
data_raw/accident/00631.mp4,accident,11,15,True
data_raw/accident/00623.mp4,accident,6,21,True
data_raw/accident/00639.mp4,accident,6,21,True
data_raw/accident/00634.mp4,accident,5,8,True
data_raw/accident/65009.mp4,accident,1,12,False
data_raw/accident/00625.mp4,accident,1,7,False
data_raw/accident/00626.mp4,accident,3,9,False
data_raw/orange/40118.mp4,orange,0,18,False
data_raw/orange/40129.mp4,orange,0,19,False
data_raw/orange/66246.mp4,orange,0,13,False
data_raw/orange/40121.mp4,orange,0,9,False
data_raw/orange/40117.mp4,orange,0,8,False
data_raw/orange/40115.mp4,orange,1,17,False
data_raw/orange/40130.mp4,orange,0,19,False
data_raw/orange/40116.mp4,orange,0,16,False
data_raw/orange/40119.mp4,orange,0,18,False
data_raw/orange/69422.mp4,orange,1,12,False
data_raw/son/53279.mp4,son,1,16,False
data_raw/son/66532.mp4,son,3,12,False
data_raw/son/53274.mp4,son,6,7,True
data_raw/son/53275.mp4,son,7,9,True
data_raw/son/53269.mp4,son,5,14,True
data_raw/son/53268.mp4,son,5,15,True
data_raw/son/66531.mp4,son,5,13,True
data_raw/son/53273.mp4,son,6,7,True
data_raw/son/53270.mp4,son,6,10,True
data_raw/son/53271.mp4,son,8,18,True
data_raw/thanksgiving/57633.mp4,thanksgiving,12,18,True
data_raw/thanksgiving/57631.mp4,thanksgiving,8,14,True
data_raw/thanksgiving/57639.mp4,thanksgiving,1,12,False
data_raw/thanksgiving/57629.mp4,thanksgiving,0,15,False
data_raw/thanksgiving/57628.mp4,thanksgiving,9,39,True
data_raw/thanksgiving/57630.mp4,thanksgiving,0,14,False
data_raw/thanksgiving/57638.mp4,thanksgiving,11,12,True
data_raw/thanksgiving/57641.mp4,thanksgiving,0,6,False
data_raw/thanksgiving/57634.mp4,thanksgiving,0,12,False
data_raw/thanksgiving/57635.mp4,thanksgiving,0,17,False
data_raw/thanksgiving/57632.mp4,thanksgiving,0,4,False
data_raw/thanksgiving/57647.mp4,thanksgiving,0,17,False
data_raw/thanksgiving/57640.mp4,thanksgiving,0,10,False
data_raw/snow/52863.mp4,snow,15,21,True
data_raw/snow/66518.mp4,snow,4,13,False
data_raw/snow/52860.mp4,snow,12,26,True
data_raw/snow/52862.mp4,snow,14,16,True
data_raw/snow/66519.mp4,snow,6,11,True
data_raw/snow/69481.mp4,snow,6,21,True
data_raw/snow/52859.mp4,snow,2,6,False
data_raw/snow/52857.mp4,snow,6,14,True
data_raw/snow/52867.mp4,snow,5,17,True
data_raw/snow/52858.mp4,snow,6,12,True
